{"cameraMode":{"drawMode":0,"name":"Shaded","section":"Shading Mode"},"sceneLighting":false,"audioPlay":false,"sceneViewState":{"showFog":true,"showMaterialUpdate":false,"showSkybox":false,"showFlares":true,"showImageEffects":true,"showParticleSystems":true},"in2DMode":false,"pivot":{"x":0.13607072830200196,"y":-0.23030304908752442,"z":0.03475955128669739},"rotation":{"x":-0.006987888365983963,"y":0.9786774516105652,"z":-0.20246684551239015,"w":-0.03377774730324745},"size":1.430621862411499,"orthographic":false}