{"cameraMode":{"drawMode":0,"name":"Shaded","section":"Shading Mode"},"sceneLighting":false,"audioPlay":false,"sceneViewState":{"showFog":true,"showMaterialUpdate":false,"showSkybox":false,"showFlares":true,"showImageEffects":true,"showParticleSystems":true},"in2DMode":false,"pivot":{"x":-0.33404022455215456,"y":-0.9850836396217346,"z":0.7789479494094849},"rotation":{"x":-0.04642998427152634,"y":-0.25195473432540896,"z":-0.012103124521672726,"w":0.9665486216545105},"size":0.7667979001998901,"orthographic":false}